node_id,BoroCT2010
0,1000100
1,1000201
2,1000202
3,1000500
4,1000600
5,1000700
6,1000800
7,1000900
8,1001001
9,1001002
10,1001200
11,1001300
12,1001401
13,1001402
14,1001501
15,1001502
16,1001600
17,1001800
18,1002000
19,1002100
20,1002201
21,1002202
22,1002400
23,1002500
24,1002601
25,1002602
26,1002700
27,1002800
28,1002900
29,1003001
30,1003002
31,1003100
32,1003200
33,1003300
34,1003400
35,1003601
36,1003602
37,1003700
38,1003800
39,1003900
40,1004000
41,1004100
42,1004200
43,1004300
44,1004400
45,1004500
46,1004700
47,1004800
48,1004900
49,1005000
50,1005200
51,1005400
52,1005501
53,1005502
54,1005600
55,1005700
56,1005800
57,1005900
58,1006000
59,1006100
60,1006200
61,1006300
62,1006400
63,1006500
64,1006600
65,1006700
66,1006800
67,1006900
68,1007000
69,1007100
70,1007200
71,1007300
72,1007400
73,1007500
74,1007600
75,1007700
76,1007800
77,1007900
78,1008000
79,1008100
80,1008200
81,1008300
82,1008400
83,1008601
84,1008602
85,1008603
86,1008700
87,1008800
88,1008900
89,1009000
90,1009100
91,1009200
92,1009300
93,1009400
94,1009500
95,1009600
96,1009700
97,1009800
98,1009900
99,1010000
100,1010100
101,1010200
102,1010300
103,1010400
104,1010601
105,1010602
106,1010800
107,1010900
108,1011000
109,1011100
110,1011201
111,1011202
112,1011203
113,1011300
114,1011401
115,1011402
116,1011500
117,1011600
118,1011700
119,1011800
120,1011900
121,1012000
122,1012100
123,1012200
124,1012400
125,1012500
126,1012600
127,1012700
128,1012800
129,1012900
130,1013000
131,1013100
132,1013200
133,1013300
134,1013400
135,1013500
136,1013600
137,1013700
138,1013800
139,1013900
140,1014000
141,1014200
142,1014300
143,1014401
144,1014402
145,1014500
146,1014601
147,1014602
148,1014700
149,1014801
150,1014802
151,1014900
152,1015001
153,1015002
154,1015100
155,1015200
156,1015300
157,1015400
158,1015500
159,1015601
160,1015602
161,1015700
162,1015801
163,1015802
164,1015900
165,1016001
166,1016002
167,1016100
168,1016200
169,1016300
170,1016400
171,1016500
172,1016600
173,1016700
174,1016800
175,1016900
176,1017000
177,1017100
178,1017200
179,1017300
180,1017401
181,1017402
182,1017500
183,1017700
184,1017800
185,1017900
186,1018000
187,1018100
188,1018200
189,1018300
190,1018400
191,1018500
192,1018600
193,1018700
194,1018800
195,1018900
196,1019000
197,1019100
198,1019200
199,1019300
200,1019400
201,1019500
202,1019600
203,1019701
204,1019702
205,1019800
206,1019900
207,1020000
208,1020101
209,1020102
210,1020300
211,1020500
212,1020600
213,1020701
214,1020800
215,1020901
216,1021000
217,1021100
218,1021200
219,1021303
220,1021400
221,1021500
222,1021600
223,1021703
224,1021800
225,1021900
226,1022000
227,1022102
228,1022200
229,1022301
230,1022302
231,1022400
232,1022500
233,1022600
234,1022700
235,1022800
236,1022900
237,1023000
238,1023100
239,1023200
240,1023300
241,1023400
242,1023501
243,1023502
244,1023600
245,1023700
246,1023801
247,1023802
248,1023900
249,1024000
250,1024100
251,1024200
252,1024301
253,1024302
254,1024500
255,1024700
256,1024900
257,1025100
258,1025300
259,1025500
260,1025700
261,1025900
262,1026100
263,1026300
264,1026500
265,1026700
266,1026900
267,1027100
268,1027300
269,1027500
270,1027700
271,1027900
272,1028100
273,1028300
274,1028500
275,1028700
276,1029100
277,1029300
278,1029500
279,1029700
280,1029900
281,1030300
282,1030700
283,1030900
284,1031100
285,1031703
286,1031704
287,1031900
288,2000100
289,2000200
290,2000400
291,2001600
292,2001900
293,2002000
294,2002300
295,2002400
296,2002500
297,2002701
298,2002702
299,2002800
300,2003100
301,2003300
302,2003500
303,2003700
304,2003800
305,2003900
306,2004001
307,2004100
308,2004200
309,2004300
310,2004400
311,2004600
312,2004800
313,2005001
314,2005002
315,2005100
316,2005200
317,2005300
318,2005400
319,2005600
320,2005902
321,2006000
322,2006100
323,2006200
324,2006300
325,2006400
326,2006500
327,2006700
328,2006800
329,2006900
330,2007000
331,2007100
332,2007200
333,2007300
334,2007400
335,2007500
336,2007600
337,2007700
338,2007800
339,2007900
340,2008300
341,2008400
342,2008500
343,2008600
344,2008700
345,2008900
346,2009000
347,2009200
348,2009300
349,2009600
350,2009800
351,2011000
352,2011502
353,2011700
354,2011800
355,2011900
356,2012101
357,2012102
358,2012300
359,2012500
360,2012701
361,2012901
362,2013000
363,2013100
364,2013200
365,2013300
366,2013500
367,2013800
368,2014100
369,2014300
370,2014400
371,2014500
372,2014701
373,2014702
374,2014900
375,2015100
376,2015200
377,2015300
378,2015500
379,2015700
380,2015800
381,2015900
382,2016000
383,2016100
384,2016200
385,2016300
386,2016400
387,2016500
388,2016600
389,2016700
390,2016900
391,2017100
392,2017300
393,2017500
394,2017701
395,2017702
396,2017901
397,2017902
398,2018101
399,2018102
400,2018301
401,2018302
402,2018400
403,2018500
404,2018900
405,2019300
406,2019400
407,2019500
408,2019700
409,2019900
410,2020000
411,2020100
412,2020200
413,2020400
414,2020501
415,2020502
416,2020601
417,2020900
418,2021001
419,2021002
420,2021100
421,2021200
422,2021301
423,2021302
424,2021501
425,2021502
426,2021601
427,2021602
428,2021700
429,2021800
430,2021900
431,2022000
432,2022101
433,2022102
434,2022200
435,2022300
436,2022401
437,2022403
438,2022404
439,2022500
440,2022701
441,2022702
442,2022703
443,2022800
444,2022901
445,2022902
446,2023000
447,2023100
448,2023200
449,2023301
450,2023302
451,2023501
452,2023502
453,2023600
454,2023702
455,2023703
456,2023704
457,2023800
458,2023900
459,2024000
460,2024100
461,2024300
462,2024400
463,2024501
464,2024502
465,2024600
466,2024700
467,2024800
468,2024900
469,2025000
470,2025100
471,2025200
472,2025300
473,2025400
474,2025500
475,2025600
476,2025700
477,2026100
478,2026300
479,2026400
480,2026500
481,2026601
482,2026602
483,2026701
484,2026702
485,2026900
486,2027300
487,2027401
488,2027402
489,2027600
490,2027700
491,2027900
492,2028100
493,2028300
494,2028400
495,2028500
496,2028600
497,2028700
498,2028800
499,2028900
500,2029301
501,2029302
502,2029500
503,2029600
504,2029700
505,2030000
506,2030100
507,2030200
508,2030701
509,2030900
510,2031000
511,2031200
512,2031400
513,2031600
514,2031800
515,2031900
516,2032300
517,2032400
518,2032600
519,2032800
520,2033000
521,2033201
522,2033202
523,2033400
524,2033500
525,2033600
526,2033700
527,2033800
528,2034000
529,2034200
530,2034300
531,2034400
532,2034500
533,2034800
534,2035000
535,2035100
536,2035600
537,2035800
538,2035900
539,2036000
540,2036100
541,2036300
542,2036400
543,2036501
544,2036502
545,2036700
546,2036800
547,2036901
548,2036902
549,2037000
550,2037100
551,2037200
552,2037300
553,2037400
554,2037504
555,2037600
556,2037800
557,2037900
558,2038000
559,2038100
560,2038200
561,2038301
562,2038302
563,2038500
564,2038600
565,2038700
566,2038800
567,2038900
568,2039000
569,2039100
570,2039200
571,2039300
572,2039400
573,2039500
574,2039600
575,2039700
576,2039800
577,2039901
578,2039902
579,2040100
580,2040302
581,2040303
582,2040304
583,2040400
584,2040501
585,2040502
586,2040600
587,2040701
588,2040702
589,2040800
590,2040900
591,2041100
592,2041300
593,2041400
594,2041500
595,2041800
596,2041900
597,2042000
598,2042100
599,2042200
600,2042300
601,2042400
602,2042500
603,2042600
604,2042800
605,2042901
606,2042902
607,2043000
608,2043100
609,2043400
610,2043500
611,2043600
612,2044200
613,2044400
614,2044800
615,2044901
616,2044902
617,2045101
618,2045102
619,2045600
620,2045800
621,2046000
622,2046201
623,2046202
624,2048400
625,2050400
626,2051600
627,3000100
628,3000200
629,3000301
630,3000501
631,3000502
632,3000700
633,3000900
634,3001100
635,3001300
636,3001500
637,3001800
638,3002000
639,3002100
640,3002200
641,3002300
642,3002901
643,3003000
644,3003100
645,3003300
646,3003400
647,3003500
648,3003600
649,3003700
650,3003800
651,3003900
652,3004100
653,3004300
654,3004400
655,3004500
656,3004600
657,3004700
658,3004900
659,3005000
660,3005100
661,3005201
662,3005202
663,3005300
664,3005400
665,3005601
666,3005602
667,3005800
668,3005900
669,3006000
670,3006200
671,3006300
672,3006400
673,3006500
674,3006600
675,3006700
676,3006800
677,3006900
678,3007000
679,3007100
680,3007200
681,3007400
682,3007500
683,3007600
684,3007700
685,3007800
686,3008000
687,3008200
688,3008400
689,3008500
690,3008600
691,3008800
692,3009000
693,3009200
694,3009400
695,3009600
696,3009800
697,3010000
698,3010100
699,3010200
700,3010400
701,3010600
702,3010800
703,3011000
704,3011200
705,3011400
706,3011600
707,3011700
708,3011800
709,3011900
710,3012000
711,3012100
712,3012200
713,3012600
714,3012700
715,3012801
716,3012901
717,3012902
718,3013000
719,3013100
720,3013200
721,3013300
722,3013400
723,3013500
724,3013600
725,3013700
726,3013800
727,3013900
728,3014000
729,3014100
730,3014200
731,3014300
732,3014500
733,3014700
734,3014800
735,3014900
736,3015000
737,3015100
738,3015200
739,3015300
740,3015400
741,3015500
742,3015700
743,3015900
744,3016000
745,3016100
746,3016200
747,3016300
748,3016400
749,3016500
750,3016600
751,3016700
752,3016800
753,3016900
754,3017000
755,3017100
756,3017200
757,3017400
758,3017500
759,3017600
760,3017700
761,3017800
762,3017900
763,3018000
764,3018100
765,3018200
766,3018300
767,3018400
768,3018501
769,3018600
770,3018700
771,3018800
772,3019000
773,3019100
774,3019200
775,3019300
776,3019400
777,3019500
778,3019600
779,3019700
780,3019800
781,3019900
782,3020000
783,3020100
784,3020200
785,3020300
786,3020400
787,3020500
788,3020600
789,3020700
790,3020800
791,3021000
792,3021100
793,3021200
794,3021300
795,3021400
796,3021500
797,3021600
798,3021700
799,3021800
800,3021900
801,3022000
802,3022100
803,3022200
804,3022400
805,3022600
806,3022700
807,3022800
808,3022900
809,3023000
810,3023100
811,3023200
812,3023300
813,3023400
814,3023500
815,3023600
816,3023800
817,3024000
818,3024100
819,3024200
820,3024300
821,3024400
822,3024500
823,3024600
824,3024700
825,3024800
826,3024900
827,3025000
828,3025100
829,3025200
830,3025300
831,3025400
832,3025500
833,3025600
834,3025700
835,3025800
836,3025901
837,3025902
838,3026000
839,3026100
840,3026200
841,3026300
842,3026400
843,3026500
844,3026600
845,3026700
846,3026800
847,3026900
848,3027000
849,3027100
850,3027200
851,3027300
852,3027400
853,3027500
854,3027600
855,3027700
856,3027800
857,3027900
858,3028000
859,3028100
860,3028200
861,3028300
862,3028400
863,3028501
864,3028502
865,3028600
866,3028700
867,3028800
868,3028900
869,3029000
870,3029100
871,3029200
872,3029300
873,3029400
874,3029500
875,3029600
876,3029700
877,3029800
878,3029900
879,3030000
880,3030100
881,3030200
882,3030300
883,3030400
884,3030500
885,3030600
886,3030700
887,3030800
888,3030900
889,3031100
890,3031300
891,3031400
892,3031500
893,3031701
894,3031702
895,3031900
896,3032100
897,3032300
898,3032500
899,3032600
900,3032700
901,3032800
902,3032900
903,3033000
904,3033100
905,3033300
906,3033500
907,3033600
908,3033700
909,3033900
910,3034000
911,3034100
912,3034200
913,3034300
914,3034500
915,3034700
916,3034800
917,3034900
918,3035000
919,3035100
920,3035200
921,3035300
922,3035400
923,3035500
924,3035601
925,3035602
926,3035700
927,3035900
928,3036001
929,3036002
930,3036100
931,3036200
932,3036300
933,3036400
934,3036501
935,3036502
936,3036600
937,3036700
938,3036900
939,3037000
940,3037100
941,3037300
942,3037401
943,3037402
944,3037500
945,3037700
946,3037900
947,3038100
948,3038200
949,3038300
950,3038500
951,3038600
952,3038700
953,3038800
954,3038900
955,3039000
956,3039100
957,3039200
958,3039300
959,3039400
960,3039500
961,3039600
962,3039700
963,3039800
964,3039900
965,3040000
966,3040100
967,3040200
968,3040300
969,3040400
970,3040500
971,3040600
972,3040700
973,3040800
974,3040900
975,3041000
976,3041100
977,3041200
978,3041300
979,3041401
980,3041402
981,3041500
982,3041600
983,3041700
984,3041800
985,3041900
986,3042000
987,3042100
988,3042200
989,3042300
990,3042400
991,3042500
992,3042600
993,3042700
994,3042800
995,3042900
996,3043000
997,3043100
998,3043200
999,3043300
1000,3043400
1001,3043500
1002,3043600
1003,3043700
1004,3043800
1005,3043900
1006,3044000
1007,3044100
1008,3044200
1009,3044300
1010,3044400
1011,3044500
1012,3044600
1013,3044700
1014,3044800
1015,3044900
1016,3045000
1017,3045200
1018,3045300
1019,3045400
1020,3045600
1021,3045800
1022,3046000
1023,3046201
1024,3046202
1025,3046400
1026,3046800
1027,3047000
1028,3047200
1029,3047400
1030,3047600
1031,3047700
1032,3047800
1033,3048000
1034,3048100
1035,3048200
1036,3048400
1037,3048500
1038,3048600
1039,3048800
1040,3048900
1041,3049000
1042,3049100
1043,3049200
1044,3049300
1045,3049400
1046,3049500
1047,3049600
1048,3049700
1049,3049800
1050,3049900
1051,3050000
1052,3050100
1053,3050202
1054,3050300
1055,3050400
1056,3050500
1057,3050600
1058,3050700
1059,3050801
1060,3050803
1061,3050804
1062,3050900
1063,3051001
1064,3051002
1065,3051100
1066,3051200
1067,3051300
1068,3051400
1069,3051500
1070,3051601
1071,3051602
1072,3051700
1073,3051800
1074,3051900
1075,3052000
1076,3052300
1077,3052500
1078,3052600
1079,3052700
1080,3052800
1081,3052900
1082,3053000
1083,3053100
1084,3053200
1085,3053300
1086,3053400
1087,3053500
1088,3053700
1089,3053800
1090,3053900
1091,3054200
1092,3054300
1093,3054400
1094,3054500
1095,3054600
1096,3054700
1097,3054800
1098,3054900
1099,3055000
1100,3055100
1101,3055200
1102,3055300
1103,3055400
1104,3055500
1105,3055600
1106,3055700
1107,3055800
1108,3056000
1109,3056100
1110,3056200
1111,3056300
1112,3056400
1113,3056500
1114,3056600
1115,3056800
1116,3056900
1117,3057000
1118,3057100
1119,3057200
1120,3057300
1121,3057400
1122,3057500
1123,3057600
1124,3057800
1125,3057900
1126,3058000
1127,3058200
1128,3058400
1129,3058600
1130,3058800
1131,3058900
1132,3059000
1133,3059100
1134,3059200
1135,3059300
1136,3059401
1137,3059402
1138,3059600
1139,3059800
1140,3060000
1141,3060600
1142,3060800
1143,3061002
1144,3061003
1145,3061004
1146,3061200
1147,3061600
1148,3062000
1149,3062200
1150,3062600
1151,3062800
1152,3063200
1153,3063600
1154,3063800
1155,3064000
1156,3064200
1157,3064400
1158,3064600
1159,3064800
1160,3065000
1161,3065200
1162,3065400
1163,3065600
1164,3065800
1165,3066000
1166,3066200
1167,3066600
1168,3067000
1169,3067200
1170,3067400
1171,3067600
1172,3067800
1173,3068000
1174,3068200
1175,3068600
1176,3068800
1177,3069000
1178,3069200
1179,3069601
1180,3069602
1181,3069800
1182,3070000
1183,3070201
1184,3070202
1185,3070203
1186,3070600
1187,3072000
1188,3072200
1189,3072400
1190,3072600
1191,3072800
1192,3073000
1193,3073200
1194,3073400
1195,3073600
1196,3073800
1197,3074000
1198,3074200
1199,3074400
1200,3074600
1201,3074800
1202,3075000
1203,3075200
1204,3075400
1205,3075600
1206,3075800
1207,3076000
1208,3076200
1209,3076400
1210,3076600
1211,3076800
1212,3077000
1213,3077200
1214,3077400
1215,3077600
1216,3078000
1217,3078200
1218,3078400
1219,3078600
1220,3078800
1221,3079000
1222,3079200
1223,3079400
1224,3079601
1225,3079602
1226,3079801
1227,3079802
1228,3080000
1229,3080200
1230,3080400
1231,3080600
1232,3080800
1233,3081000
1234,3081400
1235,3081600
1236,3081800
1237,3082000
1238,3082200
1239,3082400
1240,3082600
1241,3082800
1242,3083000
1243,3083200
1244,3083400
1245,3083600
1246,3083800
1247,3084000
1248,3084600
1249,3084800
1250,3085000
1251,3085200
1252,3085400
1253,3085600
1254,3085800
1255,3086000
1256,3086200
1257,3086400
1258,3086600
1259,3086800
1260,3087000
1261,3087200
1262,3087401
1263,3087600
1264,3087800
1265,3088000
1266,3088200
1267,3088400
1268,3088600
1269,3088800
1270,3089000
1271,3089200
1272,3089400
1273,3089600
1274,3089800
1275,3090000
1276,3090200
1277,3090600
1278,3090800
1279,3091000
1280,3091200
1281,3091600
1282,3091800
1283,3092000
1284,3092200
1285,3092400
1286,3092800
1287,3093000
1288,3093200
1289,3093400
1290,3093600
1291,3093800
1292,3094401
1293,3094402
1294,3094600
1295,3095000
1296,3095400
1297,3095600
1298,3095800
1299,3096000
1300,3096200
1301,3096400
1302,3096600
1303,3096800
1304,3097000
1305,3097400
1306,3098200
1307,3098400
1308,3098600
1309,3098800
1310,3099000
1311,3099200
1312,3099400
1313,3099600
1314,3099800
1315,3100400
1316,3100600
1317,3100800
1318,3101000
1319,3101200
1320,3101400
1321,3101600
1322,3101800
1323,3102000
1324,3102200
1325,3102400
1326,3102600
1327,3102800
1328,3103400
1329,3105801
1330,3105804
1331,3107000
1332,3107800
1333,3109800
1334,3110400
1335,3110600
1336,3111000
1337,3111600
1338,3111800
1339,3112000
1340,3112200
1341,3112400
1342,3112600
1343,3112800
1344,3113000
1345,3113200
1346,3113400
1347,3114201
1348,3114202
1349,3114400
1350,3114600
1351,3115000
1352,3115200
1353,3115600
1354,3115800
1355,3116000
1356,3116200
1357,3116400
1358,3116600
1359,3116800
1360,3117000
1361,3117201
1362,3117202
1363,3117400
1364,3117601
1365,3117602
1366,3117800
1367,3118000
1368,3118201
1369,3118202
1370,3118400
1371,3118600
1372,3118800
1373,3119000
1374,3119200
1375,3119400
1376,3119600
1377,3119800
1378,3120000
1379,3120200
1380,3120800
1381,3121000
1382,3121400
1383,3122000
1384,3123700
1385,3150200
1386,3152200
1387,3990100
1388,4000100
1389,4000200
1390,4000400
1391,4000600
1392,4000700
1393,4000800
1394,4001000
1395,4001200
1396,4001400
1397,4001600
1398,4001800
1399,4001900
1400,4002000
1401,4002200
1402,4002400
1403,4002500
1404,4002600
1405,4002800
1406,4003000
1407,4003100
1408,4003200
1409,4003300
1410,4003400
1411,4003600
1412,4003700
1413,4003800
1414,4003900
1415,4004001
1416,4004002
1417,4004200
1418,4004300
1419,4004401
1420,4004500
1421,4004700
1422,4005000
1423,4005100
1424,4005200
1425,4005300
1426,4005400
1427,4005500
1428,4005700
1429,4005800
1430,4005900
1431,4006100
1432,4006201
1433,4006202
1434,4006300
1435,4006501
1436,4006502
1437,4006900
1438,4007100
1439,4007300
1440,4007500
1441,4007700
1442,4007900
1443,4008100
1444,4008300
1445,4008500
1446,4008600
1447,4008700
1448,4008800
1449,4009100
1450,4009400
1451,4009500
1452,4009600
1453,4009700
1454,4009800
1455,4009900
1456,4010000
1457,4010100
1458,4010200
1459,4010300
1460,4010400
1461,4010500
1462,4010600
1463,4010701
1464,4010800
1465,4011000
1466,4011100
1467,4011200
1468,4011300
1469,4011400
1470,4011500
1471,4011600
1472,4011700
1473,4011800
1474,4011900
1475,4012000
1476,4012100
1477,4012200
1478,4012301
1479,4012400
1480,4012500
1481,4012601
1482,4012602
1483,4012800
1484,4013000
1485,4013200
1486,4013400
1487,4013500
1488,4013600
1489,4013700
1490,4013800
1491,4014000
1492,4014100
1493,4014201
1494,4014202
1495,4014300
1496,4014400
1497,4014500
1498,4014700
1499,4014800
1500,4014900
1501,4015000
1502,4015100
1503,4015200
1504,4015300
1505,4015400
1506,4015500
1507,4015600
1508,4015700
1509,4015801
1510,4015802
1511,4015900
1512,4016100
1513,4016300
1514,4016400
1515,4016600
1516,4016800
1517,4016900
1518,4017000
1519,4017100
1520,4017200
1521,4017400
1522,4017600
1523,4017800
1524,4017900
1525,4018000
1526,4018101
1527,4018102
1528,4018200
1529,4018300
1530,4018401
1531,4018402
1532,4018501
1533,4018502
1534,4018600
1535,4018700
1536,4018800
1537,4018900
1538,4019000
1539,4019200
1540,4019400
1541,4019600
1542,4019800
1543,4019900
1544,4020200
1545,4020400
1546,4020500
1547,4020600
1548,4020800
1549,4021200
1550,4021400
1551,4021600
1552,4021900
1553,4022001
1554,4022002
1555,4022900
1556,4023000
1557,4023200
1558,4023500
1559,4023600
1560,4023800
1561,4024000
1562,4024300
1563,4024500
1564,4024600
1565,4024700
1566,4024900
1567,4025100
1568,4025301
1569,4025302
1570,4025400
1571,4025500
1572,4025700
1573,4025800
1574,4025900
1575,4026000
1576,4026100
1577,4026200
1578,4026300
1579,4026400
1580,4026500
1581,4026600
1582,4026700
1583,4026901
1584,4026902
1585,4027000
1586,4027100
1587,4027200
1588,4027300
1589,4027400
1590,4027500
1591,4027600
1592,4027700
1593,4027800
1594,4027900
1595,4028000
1596,4028100
1597,4028200
1598,4028300
1599,4028400
1600,4028500
1601,4028700
1602,4028800
1603,4028900
1604,4029100
1605,4029300
1606,4029400
1607,4029500
1608,4029700
1609,4029900
1610,4030600
1611,4030902
1612,4030903
1613,4030904
1614,4031700
1615,4032000
1616,4032700
1617,4032800
1618,4032900
1619,4033000
1620,4033100
1621,4033401
1622,4033402
1623,4033700
1624,4033900
1625,4034700
1626,4035100
1627,4035200
1628,4035300
1629,4035700
1630,4035800
1631,4036100
1632,4036300
1633,4036500
1634,4036600
1635,4036700
1636,4036800
1637,4037100
1638,4037300
1639,4037500
1640,4037600
1641,4037700
1642,4037900
1643,4038100
1644,4038301
1645,4038302
1646,4038400
1647,4039400
1648,4039800
1649,4039900
1650,4040000
1651,4040100
1652,4040200
1653,4040300
1654,4040400
1655,4040500
1656,4040700
1657,4040900
1658,4041100
1659,4041300
1660,4041400
1661,4041500
1662,4042400
1663,4042600
1664,4042700
1665,4043200
1666,4043400
1667,4043701
1668,4043702
1669,4043900
1670,4044000
1671,4044301
1672,4044302
1673,4044400
1674,4044601
1675,4044602
1676,4044800
1677,4045000
1678,4045200
1679,4045400
1680,4045500
1681,4045600
1682,4045700
1683,4045800
1684,4045900
1685,4046000
1686,4046100
1687,4046200
1688,4046300
1689,4046400
1690,4046500
1691,4046600
1692,4046700
1693,4046800
1694,4046900
1695,4047000
1696,4047100
1697,4047200
1698,4047300
1699,4047500
1700,4047600
1701,4047800
1702,4047900
1703,4048000
1704,4048100
1705,4048200
1706,4048300
1707,4048400
1708,4048500
1709,4048900
1710,4049200
1711,4049301
1712,4049302
1713,4049500
1714,4049600
1715,4049700
1716,4049900
1717,4050000
1718,4050201
1719,4050202
1720,4050400
1721,4050500
1722,4050600
1723,4050700
1724,4050800
1725,4051000
1726,4051100
1727,4051200
1728,4051300
1729,4051500
1730,4051600
1731,4051700
1732,4051800
1733,4052000
1734,4052100
1735,4052200
1736,4052400
1737,4052500
1738,4052600
1739,4052800
1740,4053000
1741,4053100
1742,4053200
1743,4053401
1744,4053500
1745,4053601
1746,4053800
1747,4053900
1748,4054000
1749,4054200
1750,4054500
1751,4054700
1752,4054800
1753,4054900
1754,4055100
1755,4055200
1756,4055300
1757,4055400
1758,4055500
1759,4055600
1760,4055700
1761,4055800
1762,4055900
1763,4056000
1764,4056100
1765,4056200
1766,4056400
1767,4056500
1768,4056600
1769,4056700
1770,4056800
1771,4057700
1772,4057900
1773,4058000
1774,4058100
1775,4058200
1776,4058300
1777,4058500
1778,4058700
1779,4058900
1780,4059000
1781,4059100
1782,4059200
1783,4059300
1784,4059400
1785,4059500
1786,4059600
1787,4059800
1788,4059900
1789,4060000
1790,4060100
1791,4060300
1792,4060600
1793,4060701
1794,4060800
1795,4061000
1796,4061200
1797,4061301
1798,4061302
1799,4061400
1800,4061601
1801,4061602
1802,4061800
1803,4061900
1804,4062000
1805,4062100
1806,4062200
1807,4062300
1808,4062400
1809,4062500
1810,4062600
1811,4062700
1812,4062900
1813,4063000
1814,4063200
1815,4063301
1816,4063302
1817,4063500
1818,4063700
1819,4063800
1820,4063900
1821,4064101
1822,4064102
1823,4064500
1824,4064600
1825,4065000
1826,4065400
1827,4065501
1828,4065600
1829,4065702
1830,4065703
1831,4065900
1832,4066000
1833,4066100
1834,4066300
1835,4066400
1836,4066501
1837,4066701
1838,4066900
1839,4067100
1840,4067700
1841,4067900
1842,4068000
1843,4068200
1844,4068300
1845,4068700
1846,4069000
1847,4069300
1848,4069400
1849,4069500
1850,4069701
1851,4069702
1852,4070300
1853,4070700
1854,4070900
1855,4071100
1856,4071303
1857,4071304
1858,4071305
1859,4071306
1860,4071600
1861,4071701
1862,4071702
1863,4071900
1864,4072100
1865,4072300
1866,4072900
1867,4073100
1868,4073700
1869,4073900
1870,4074100
1871,4074300
1872,4074500
1873,4074700
1874,4074900
1875,4075701
1876,4075702
1877,4076901
1878,4076902
1879,4077300
1880,4077500
1881,4077902
1882,4077903
1883,4077904
1884,4077905
1885,4077906
1886,4077907
1887,4077908
1888,4078800
1889,4079000
1890,4079200
1891,4079300
1892,4079701
1893,4079702
1894,4079900
1895,4080301
1896,4080302
1897,4080900
1898,4081400
1899,4081800
1900,4083700
1901,4083800
1902,4084000
1903,4084500
1904,4084601
1905,4084602
1906,4084900
1907,4085300
1908,4085500
1909,4085700
1910,4085900
1911,4086100
1912,4086300
1913,4086400
1914,4086500
1915,4086900
1916,4087100
1917,4088400
1918,4088901
1919,4089200
1920,4090700
1921,4091601
1922,4091602
1923,4091800
1924,4091900
1925,4092200
1926,4092500
1927,4092800
1928,4092900
1929,4093401
1930,4093402
1931,4093800
1932,4093900
1933,4094201
1934,4094202
1935,4094203
1936,4094500
1937,4094700
1938,4095400
1939,4096400
1940,4097202
1941,4097203
1942,4097204
1943,4097300
1944,4098100
1945,4098700
1946,4099100
1947,4099200
1948,4099701
1949,4099703
1950,4099704
1951,4099705
1952,4099801
1953,4099802
1954,4099900
1955,4100801
1956,4100802
1957,4101001
1958,4101002
1959,4101700
1960,4102900
1961,4103201
1962,4103202
1963,4103300
1964,4103900
1965,4104700
1966,4105900
1967,4107201
1968,4107202
1969,4108500
1970,4109300
1971,4109700
1972,4109900
1973,4111300
1974,4112300
1975,4112900
1976,4113300
1977,4113900
1978,4114100
1979,4114700
1980,4115100
1981,4115500
1982,4115700
1983,4115900
1984,4116100
1985,4116300
1986,4116700
1987,4117100
1988,4117500
1989,4118100
1990,4118500
1991,4118700
1992,4118900
1993,4119100
1994,4119300
1995,4119500
1996,4119900
1997,4120100
1998,4120300
1999,4120500
2000,4120700
2001,4121100
2002,4121500
2003,4122300
2004,4122701
2005,4122702
2006,4124100
2007,4124700
2008,4125700
2009,4126500
2010,4126700
2011,4127700
2012,4128300
2013,4129102
2014,4129103
2015,4129104
2016,4130100
2017,4133300
2018,4133900
2019,4134100
2020,4134700
2021,4136700
2022,4137700
2023,4138501
2024,4138502
2025,4139900
2026,4140300
2027,4140901
2028,4140902
2029,4141700
2030,4142900
2031,4143500
2032,4144100
2033,4144700
2034,4145101
2035,4145102
2036,4145900
2037,4146300
2038,4146700
2039,4147100
2040,4147900
2041,4148300
2042,4150701
2043,4150702
2044,4152901
2045,4152902
2046,4155101
2047,4155102
2048,4156700
2049,4157101
2050,4157102
2051,4157901
2052,4157902
2053,4157903
2054,4161700
2055,4162100
2056,4990100
2057,5000300
2058,5000600
2059,5000700
2060,5000800
2061,5000900
2062,5001100
2063,5001700
2064,5001800
2065,5002001
2066,5002002
2067,5002100
2068,5002700
2069,5002900
2070,5003300
2071,5003600
2072,5003900
2073,5004000
2074,5004700
2075,5005000
2076,5005900
2077,5006400
2078,5006700
2079,5007000
2080,5007400
2081,5007500
2082,5007700
2083,5008100
2084,5008900
2085,5009601
2086,5009602
2087,5009700
2088,5010500
2089,5011201
2090,5011202
2091,5011401
2092,5011402
2093,5012100
2094,5012200
2095,5012500
2096,5012804
2097,5012805
2098,5012806
2099,5013201
2100,5013203
2101,5013204
2102,5013301
2103,5013302
2104,5013400
2105,5013800
2106,5014100
2107,5014604
2108,5014605
2109,5014606
2110,5014607
2111,5014608
2112,5014700
2113,5015100
2114,5015400
2115,5015601
2116,5015602
2117,5015603
2118,5016901
2119,5017005
2120,5017007
2121,5017008
2122,5017009
2123,5017010
2124,5017011
2125,5017012
2126,5017300
2127,5017600
2128,5017700
2129,5018100
2130,5018701
2131,5018702
2132,5018901
2133,5018902
2134,5019700
2135,5019800
2136,5020100
2137,5020700
2138,5020801
2139,5020803
2140,5020804
2141,5021300
2142,5022300
2143,5022600
2144,5022800
2145,5023100
2146,5023900
2147,5024401
2148,5024402
2149,5024700
2150,5024800
2151,5025100
2152,5027301
2153,5027302
2154,5027702
2155,5027704
2156,5027705
2157,5027706
2158,5027900
2159,5029102
2160,5029103
2161,5029104
2162,5030301
2163,5030302
2164,5031901
2165,5031902
2166,5032300
2167,5990100
